journal,publisher_family,year,publication_date,title,authors,volume,issue,doi,article_url,article_type,source_container_title,openalex_id
ACM Transactions on Cyber-Physical Systems (TCPS),ACM,2025,2025-01-01,RockNet: Distributed Learning on Ultra-Low-Power Devices,Alexander Gräfe; Fabian Mager; Marco Zimmerling; Sebastian Trimpe,,,10.18154/rwth-2026-00578,https://doi.org/10.18154/rwth-2026-00578,preprint,ACM Transactions on Cyber-Physical Systems,https://openalex.org/W4415275667
ACM Transactions on Cyber-Physical Systems (TCPS),ACM,2025,2025-01-16,Differentially Private Real-Time Pricing Control for Smart Grids,Soumyadyuti Ghosh; Suman Maiti; Debdeep Mukhopadhyay; Soumyajit Dey,9,2,10.1145/3712304,https://doi.org/10.1145/3712304,article,ACM Transactions on Cyber-Physical Systems,https://openalex.org/W4406465938
ACM Transactions on Cyber-Physical Systems (TCPS),ACM,2025,2025-01-20,Introduction to the Special Issue on Fault-Resilient Cyber-Physical Systems—Part 2,Kuan-Hsun Chen; Jing Li; Federico Reghenzani; Jian-Jia Chen,9,1,10.1145/3712019,https://doi.org/10.1145/3712019,editorial,ACM Transactions on Cyber-Physical Systems,https://openalex.org/W4406617858
ACM Transactions on Cyber-Physical Systems (TCPS),ACM,2025,2025-01-22,Real-time Adversarial Image Perturbations for Autonomous Vehicles Using Reinforcement Learning,H. G. Yoon; Richard E. Holmes; Hamidreza Jafarnejadsani; Petros G. Voulgaris,9,2,10.1145/3712303,https://doi.org/10.1145/3712303,article,ACM Transactions on Cyber-Physical Systems,https://openalex.org/W4406708664
ACM Transactions on Cyber-Physical Systems (TCPS),ACM,2025,2025-01-31,Semantic Diverse DMR and TMR for High-Integrity AI-Based Function Efficiency,Martí Caro; Axel Brando; Jaume Abella,9,2,10.1145/3716140,https://doi.org/10.1145/3716140,article,ACM Transactions on Cyber-Physical Systems,https://openalex.org/W4407029185
ACM Transactions on Cyber-Physical Systems (TCPS),ACM,2025,2025-02-25,Cyber Physical Games: Rational Multi-Agent Decision-Making in Temporally Non-Deterministic Environments,Warisa Sritriratanarak; Paulo Garcia,9,2,10.1145/3719659,https://doi.org/10.1145/3719659,article,ACM Transactions on Cyber-Physical Systems,https://openalex.org/W4407911868
ACM Transactions on Cyber-Physical Systems (TCPS),ACM,2025,2025-02-25,Game Theoretical Decision-Making of Dynamic Defense in Cyber-Physical Power Systems under Cyber-Attacks,Pengchao Yao; Bingjing Yan; Qiang Yang,9,2,10.1145/3719658,https://doi.org/10.1145/3719658,article,ACM Transactions on Cyber-Physical Systems,https://openalex.org/W4407912130
ACM Transactions on Cyber-Physical Systems (TCPS),ACM,2025,2025-02-25,Impact Analysis of Inter-network Degree Correlation on Cascading Failures in Cyber-Physical Systems,Lin Ding; Z. Xu; Xiao-Ke Xu,9,2,10.1145/3719660,https://doi.org/10.1145/3719660,article,ACM Transactions on Cyber-Physical Systems,https://openalex.org/W4407912135
ACM Transactions on Cyber-Physical Systems (TCPS),ACM,2025,2025-03-06,Cyber-Physical AI: Systematic Research Domain for Integrating AI and Cyber-Physical Systems,Sanghoon Lee; Jiyeong Chae; Haewon Jeon; Taehyun Kim; Yeong-Gi Hong; Doosik Um; Taewoo Kim; Kyung‐Joon Park,9,2,10.1145/3721437,https://doi.org/10.1145/3721437,article,ACM Transactions on Cyber-Physical Systems,https://openalex.org/W4408186872
ACM Transactions on Cyber-Physical Systems (TCPS),ACM,2025,2025-03-07,PARD: A Dataflow Aware Profiler for ROS-Based Autonomous Driving Software,Shaohua Wang; Chen-Xuan Lin; Yu-Tsung Wu; Chia-Heng Tu,9,2,10.1145/3716547,https://doi.org/10.1145/3716547,article,ACM Transactions on Cyber-Physical Systems,https://openalex.org/W4408213263
ACM Transactions on Cyber-Physical Systems (TCPS),ACM,2025,2025-03-17,Optimizing Confidential Deep Learning for Real-Time Systems,Mohammad Fakhruddin Babar; Monowar Hasan,9,3,10.1145/3724126,https://doi.org/10.1145/3724126,article,ACM Transactions on Cyber-Physical Systems,https://openalex.org/W4408528898
ACM Transactions on Cyber-Physical Systems (TCPS),ACM,2025,2025-03-25,Exploring Power Usage and Inference Speed Evaluation of Low-power Clustered Many-core Platforms,Masahiro Hasumi; Takuma Yabe; Takuya Azumi,9,2,10.1145/3721436,https://doi.org/10.1145/3721436,article,ACM Transactions on Cyber-Physical Systems,https://openalex.org/W4408826583
ACM Transactions on Cyber-Physical Systems (TCPS),ACM,2025,2025-04-07,Certifying Robustness of Learning-Based Keypoint Detection and Pose Estimation Methods,Xusheng Luo; Tianhao Wei; Simin Liu; Ziwei Wang; Luis Mattei-Mendez; Taylor Loper; J. Edward Neighbor; Casidhe Hutchison; Changliu Liu,9,2,10.1145/3728362,https://doi.org/10.1145/3728362,article,ACM Transactions on Cyber-Physical Systems,https://openalex.org/W4409218176
ACM Transactions on Cyber-Physical Systems (TCPS),ACM,2025,2025-04-07,Securing the Precision Time Protocol with SDN-enabled Cyclic Path Asymmetry Analysis,Andreas Finkenzeller; Arne Fucks; Emanuel Regnath; Mohammad Hamad; Sebastian Steinhorst,9,3,10.1145/3728363,https://doi.org/10.1145/3728363,article,ACM Transactions on Cyber-Physical Systems,https://openalex.org/W4409218191
ACM Transactions on Cyber-Physical Systems (TCPS),ACM,2025,2025-04-09,RESCUE: A Reconfigurable Scheduling Framework for Securing Multi-Core Real-Time Systems,Zain A. H. Hammadeh; Monowar Hasan; Mohammad Hamad,9,3,10.1145/3728364,https://doi.org/10.1145/3728364,article,ACM Transactions on Cyber-Physical Systems,https://openalex.org/W4409292226
ACM Transactions on Cyber-Physical Systems (TCPS),ACM,2025,2025-04-21,Drone-Mag: UAV Identification and Authentication via Electromagnetic Emissions,Omar Adel Ibrahim; Roberto Di Pietro,9,3,10.1145/3731565,https://doi.org/10.1145/3731565,article,ACM Transactions on Cyber-Physical Systems,https://openalex.org/W4409644105
ACM Transactions on Cyber-Physical Systems (TCPS),ACM,2025,2025-05-06,Discovering Attack Signature and Its Travel Path using Graphical Model in CPS: A Case Study,Praneeta K. Maganti; Paresh Saxena; Rajib Ranjan Maiti,9,3,10.1145/3734694,https://doi.org/10.1145/3734694,article,ACM Transactions on Cyber-Physical Systems,https://openalex.org/W4410120625
ACM Transactions on Cyber-Physical Systems (TCPS),ACM,2025,2025-05-07,Evaluating Robustness of Learning-Enabled Medical Cyber-Physical Systems with Naturally Adversarial Datasets,Sydney Pugh; Ivan Ruchkin; James E. Weimer; Insup Lee,9,4,10.1145/3734695,https://doi.org/10.1145/3734695,article,ACM Transactions on Cyber-Physical Systems,https://openalex.org/W4410156235
ACM Transactions on Cyber-Physical Systems (TCPS),ACM,2025,2025-05-20,Sim-to-Real Transfer for Estimation over Wireless Networks,Shobhit Agarwal; Adi Asija; Sanjit K. Kaul; Saket Anand,9,4,10.1145/3736419,https://doi.org/10.1145/3736419,article,ACM Transactions on Cyber-Physical Systems,https://openalex.org/W4410537965
ACM Transactions on Cyber-Physical Systems (TCPS),ACM,2025,2025-05-22,Mitigating Over-Generalization in Anomalous Power Consumption Detection using Adversarial Training,Srinidhi Madabhushi; Rinku Dewri,9,3,10.1145/3736640,https://doi.org/10.1145/3736640,article,ACM Transactions on Cyber-Physical Systems,https://openalex.org/W4410609891
ACM Transactions on Cyber-Physical Systems (TCPS),ACM,2025,2025-05-27,Formal Logic-Guided Harnessing Heterogeneous Fairness Rules in Smart Cities,Ziyan An; Yiqi Zhao; Xuqing Gao; Ayan Mukhopadhyay; Meiyi Ma,9,4,10.1145/3737293,https://doi.org/10.1145/3737293,article,ACM Transactions on Cyber-Physical Systems,https://openalex.org/W4410772248
ACM Transactions on Cyber-Physical Systems (TCPS),ACM,2025,2025-05-29,Assessing the Resilience of Automotive Intrusion Detection Systems to Adversarial Manipulation,Stefano Longari; Paolo Cerracchio; Michele Carminati; Stefano Zanero,9,3,10.1145/3737294,https://doi.org/10.1145/3737294,article,ACM Transactions on Cyber-Physical Systems,https://openalex.org/W4410856645
ACM Transactions on Cyber-Physical Systems (TCPS),ACM,2025,2025-06-10,Differential Privacy and k -Anonymity for Pedestrian Image Data: Impact on Cross-Camera Person Re-Identification and Demographic Predictions,Lucas Maris; Yuki Matsuda; Keiichi Yasumoto,9,4,10.1145/3743680,https://doi.org/10.1145/3743680,article,ACM Transactions on Cyber-Physical Systems,https://openalex.org/W4411164590
ACM Transactions on Cyber-Physical Systems (TCPS),ACM,2025,2025-06-10,Runtime Learning Machine,Yihao Cai; Mao Yanbing; Lui Sha; Hongpeng Cao; Marco A. Caccamo,,,10.1145/3744351,https://doi.org/10.1145/3744351,article,ACM Transactions on Cyber-Physical Systems,https://openalex.org/W4411164640
ACM Transactions on Cyber-Physical Systems (TCPS),ACM,2025,2025-06-17,Localization of Data Compromised by Hardware Attacks in Machine Learning Enabled Cyber-Physical Edge Devices,Pravineeth Edara; Sanmitra Banerjee; Biresh Kumar Joardar,9,3,10.1145/3744749,https://doi.org/10.1145/3744749,article,ACM Transactions on Cyber-Physical Systems,https://openalex.org/W4411377514
ACM Transactions on Cyber-Physical Systems (TCPS),ACM,2025,2025-06-17,Stochastic Model Predictive Control-Based Electric Taxi Fleet Coordination under Solar Power Uncertainty,Yukun Yuan; Mian Jia; Yue Zhe Zhao; Shan Lin,9,4,10.1145/3744748,https://doi.org/10.1145/3744748,article,ACM Transactions on Cyber-Physical Systems,https://openalex.org/W4411377528
ACM Transactions on Cyber-Physical Systems (TCPS),ACM,2025,2025-06-18,Multi-Agent Deep Reinforcement Learning for Efficient Vehicular Mobility via Federated Fog Computing,Ashok Pratap Arora; Neetesh Kumar; Pramod Kumar Singh,,,10.1145/3744349,https://doi.org/10.1145/3744349,article,ACM Transactions on Cyber-Physical Systems,https://openalex.org/W4411403401
ACM Transactions on Cyber-Physical Systems (TCPS),ACM,2025,2025-06-20,Context-driven Deep Learning Forecasting for Wastewater Treatment Plants,Md Nazmul Kabir Sikder; Feras A. Batarseh,,,10.1145/3744350,https://doi.org/10.1145/3744350,article,ACM Transactions on Cyber-Physical Systems,https://openalex.org/W4411470968
ACM Transactions on Cyber-Physical Systems (TCPS),ACM,2025,2025-06-24,VehiGAN : Generative Adversarial Networks for Adversarially Robust V2X Misbehavior Detection Systems,Md Hasan Shahriar; Mohammad Raashid Ansari; Jean-Philippe Monteuuis; Md Shahedul Haque; Cong Chen; Jonathan Petit; Y. Thomas Hou; Wenjing Lou,9,3,10.1145/3745787,https://doi.org/10.1145/3745787,article,ACM Transactions on Cyber-Physical Systems,https://openalex.org/W4411577155
ACM Transactions on Cyber-Physical Systems (TCPS),ACM,2025,2025-07-01,PerceptiSync: Trustworthy Object Detection using Crowds-in-the-Loop for Cyber-Physical Systems,Matthew Wilchek; Minh Nguyen; Yingjie Wang; Kurt Luther; Feras A. Batarseh,,,10.1145/3746644,https://doi.org/10.1145/3746644,article,ACM Transactions on Cyber-Physical Systems,https://openalex.org/W4411871518
ACM Transactions on Cyber-Physical Systems (TCPS),ACM,2025,2025-07-01,Switched Zero Dynamics Attacks on Sampled-Data Systems with Non-Uniform Sampling: Vulnerability and Countermeasures,Bart Wolleswinkel; Manuel Mazo; Riccardo Ferrari,9,3,10.1145/3746643,https://doi.org/10.1145/3746643,article,ACM Transactions on Cyber-Physical Systems,https://openalex.org/W4411871502
ACM Transactions on Cyber-Physical Systems (TCPS),ACM,2025,2025-07-17,Detection of Compromised Entities in Cross-Domain Communication Systems,Shiqing Li; Utku Tefek; Ertem Esiner; Zbigniew Kalbarczyk; Deming Chen,10,1,10.1145/3748819,https://doi.org/10.1145/3748819,article,ACM Transactions on Cyber-Physical Systems,https://openalex.org/W4413078684
ACM Transactions on Cyber-Physical Systems (TCPS),ACM,2025,2025-07-17,Distributionally Robust Predictive Runtime Verification under Spatio-Temporal Logic Specifications,Yiqi Zhao; Emily Zhu; Bardh Hoxha; Georgios Fainekos; Jyotirmoy V. Deshmukh; Lars Lindemann,9,4,10.1145/3748818,https://doi.org/10.1145/3748818,article,ACM Transactions on Cyber-Physical Systems,https://openalex.org/W4413078630
ACM Transactions on Cyber-Physical Systems (TCPS),ACM,2025,2025-07-24,Introduction to the Special Issue on Security and Privacy in Safety-Critical Cyber-Physical Systems,Ning Zhang; Bryan C. Ward; Andrew Clark; Ziming Zhao; Aiping Xiong,9,3,10.1145/3750452,https://doi.org/10.1145/3750452,editorial,ACM Transactions on Cyber-Physical Systems,https://openalex.org/W4412627788
ACM Transactions on Cyber-Physical Systems (TCPS),ACM,2025,2025-07-28,Firmware Secure Updates Meet Formal Verification,Alberto Tacchella; Emanuele Beozzo; Bruno Crispo; Marco Roveri,10,1,10.1145/3754455,https://doi.org/10.1145/3754455,article,ACM Transactions on Cyber-Physical Systems,https://openalex.org/W4412700512
ACM Transactions on Cyber-Physical Systems (TCPS),ACM,2025,2025-07-29,An End-to-End Solution for Public Transit Stationing and Dispatch Problem,Jose Paolo Talusan; Chaeeun Han; David Rogers; Ayan Mukhopadhyay; Áron Lászka; Daniel Freudberg; Abhishek Kumar Dubey,9,4,10.1145/3754454,https://doi.org/10.1145/3754454,article,ACM Transactions on Cyber-Physical Systems,https://openalex.org/W4412898689
ACM Transactions on Cyber-Physical Systems (TCPS),ACM,2025,2025-08-14,Denial of Service Vulnerabilities in Commercial Vehicles: Exploiting Diagnostic Protocol Flaws,Carson Green; Rik Chatterjee; Jeremy S. Daily,10,1,10.1145/3760787,https://doi.org/10.1145/3760787,article,ACM Transactions on Cyber-Physical Systems,https://openalex.org/W4413382401
ACM Transactions on Cyber-Physical Systems (TCPS),ACM,2025,2025-08-14,Federated Learning for Smart Grid: A Survey on Applications and Potential Vulnerabilities,Zikai Zhang; Suman Rath; Jin-Sen Xu; Tingsong Xiao,10,1,10.1145/3760788,https://doi.org/10.1145/3760788,article,ACM Transactions on Cyber-Physical Systems,https://openalex.org/W4413382550
ACM Transactions on Cyber-Physical Systems (TCPS),ACM,2025,2025-08-22,Enhancing Security of Distributed Multi-Agent Systems in Smart Grids: An AI-Driven Approach to Regular Audits,Madhukrishna Priyadarsini,,,10.1145/3748730,https://doi.org/10.1145/3748730,article,ACM Transactions on Cyber-Physical Systems,https://openalex.org/W4413418603
ACM Transactions on Cyber-Physical Systems (TCPS),ACM,2025,2025-09-01,A Robust Approach for Ensuring Total Order Execution of Replicated Sporadic Tasks in Fault-Tolerant Multiprocessor Real-Time Systems,Amin Naghavi; Nicolas Navet,9,4,10.1145/3765620,https://doi.org/10.1145/3765620,article,ACM Transactions on Cyber-Physical Systems,https://openalex.org/W4413893958
ACM Transactions on Cyber-Physical Systems (TCPS),ACM,2025,2025-09-02,Autonomous and Adaptive Cyber Incident Detection and Response in Industrial Cyber-Physical Systems Using Hierarchical Reinforcement Learning,Ayesha Babar; Talal Halabi; Mohammad Zulkernine,10,1,10.1145/3765622,https://doi.org/10.1145/3765622,article,ACM Transactions on Cyber-Physical Systems,https://openalex.org/W4413927296
ACM Transactions on Cyber-Physical Systems (TCPS),ACM,2025,2025-09-04,Towards Physics Aware Embodied Control with Graph based Object-centric Learning,Hanwen Wan; Jiu Cheng; Yixuan Deng; Donghao Wu; Yifei Chen; Zexin Lin; Jialu Liu; Jiangfan Yu; Xiaoqiang Ji,,,10.1145/3765628,https://doi.org/10.1145/3765628,article,ACM Transactions on Cyber-Physical Systems,https://openalex.org/W4413984505
ACM Transactions on Cyber-Physical Systems (TCPS),ACM,2025,2025-09-26,Conformal Temporal Logic Planning using Large Language Models,Jun Wang; Jiaming Tong; Kaiyuan Tan; Yevgeniy Vorobeychik; Yiannis Kantaros,,,10.1145/3769111,https://doi.org/10.1145/3769111,article,ACM Transactions on Cyber-Physical Systems,https://openalex.org/W4414556916
ACM Transactions on Cyber-Physical Systems (TCPS),ACM,2025,2025-10-07,Functional Safety Architectural Patterns for AI-Based Critical Systems,Irune Agirre; Irune Yarza; Jaume Abella; Martí Caro,,,10.1145/3769121,https://doi.org/10.1145/3769121,article,ACM Transactions on Cyber-Physical Systems,https://openalex.org/W4414924875
ACM Transactions on Cyber-Physical Systems (TCPS),ACM,2025,2025-10-08,Foreword for ICCPS’24 Special Issue,Madhur Behl; Necmiye Özay; Truong Xuan Nghiem,9,4,10.1145/3769684,https://doi.org/10.1145/3769684,article,ACM Transactions on Cyber-Physical Systems,https://openalex.org/W4414961146
ACM Transactions on Cyber-Physical Systems (TCPS),ACM,2025,2025-10-09,Achieving Robustness and Dropout Fairness with Hierarchical Federated Learning in Smart Grid Infrastructures,Cody Lewis; Vijay Varadharajan; Nasimul Noman; Udaya Kiran Tupakula; Kallol Krishna Karmakar,9,4,10.1145/3771547,https://doi.org/10.1145/3771547,article,ACM Transactions on Cyber-Physical Systems,https://openalex.org/W4414993591
ACM Transactions on Cyber-Physical Systems (TCPS),ACM,2025,2025-10-15,Task-Relevant Evaluation Metrics of Object Detection for Quantitative System-Level Analysis of Safety-Critical Autonomous Systems,Apurva Badithela; Ranai Srivastav; Tichakorn Wongpiromsarn; Richard M. Murray,,,10.1145/3771284,https://doi.org/10.1145/3771284,article,ACM Transactions on Cyber-Physical Systems,https://openalex.org/W4415225172
ACM Transactions on Cyber-Physical Systems (TCPS),ACM,2025,2025-10-27,RockNet : Distributed Learning on Ultra-Low-Power Devices,Alexander Gräfe; Fabian Mager; Marco Zimmerling; Sebastian Trimpe,10,1,10.1145/3773282,https://doi.org/10.1145/3773282,article,ACM Transactions on Cyber-Physical Systems,https://openalex.org/W4415589128
ACM Transactions on Cyber-Physical Systems (TCPS),ACM,2025,2025-11-11,Event-Based Privacy Preserving Resilient Leader-Follower Consensus Control against Cyber-Attacks in Multi-Agent Cyber-Physical Systems,Ali Eslami; K. Khorasani,10,1,10.1145/3776544,https://doi.org/10.1145/3776544,article,ACM Transactions on Cyber-Physical Systems,https://openalex.org/W4416109903
ACM Transactions on Cyber-Physical Systems (TCPS),ACM,2025,2025-11-11,Generative Vulnerability Assessment for Cyber-Physical Systems,Yu Zheng; Satish Vedula; Ayobami A. Olajube; Olugbenga Moses Anubi,10,1,10.1145/3776543,https://doi.org/10.1145/3776543,article,ACM Transactions on Cyber-Physical Systems,https://openalex.org/W4416109938
ACM Transactions on Cyber-Physical Systems (TCPS),ACM,2025,2025-11-11,Security Modelling for Cyber-Physical Systems: A Systematic Literature Review,S.-T. Huang; Christopher M. Poskitt; Lwin Khin Shar,10,2,10.1145/3776549,https://doi.org/10.1145/3776549,review,ACM Transactions on Cyber-Physical Systems,https://openalex.org/W4394781059
ACM Transactions on Cyber-Physical Systems (TCPS),ACM,2025,2025-11-12,A Scalable Automatic Model Generation Tool for Cyber-Physical Network Topologies and Dataflows for Large-Scale Synthetic Power Grid Models,S.H. Israel; Sanjana Kunkolienkar; Ana Goulart; Katherine Davis; Thomas J. Overbye,10,1,10.1145/3765621,https://doi.org/10.1145/3765621,article,ACM Transactions on Cyber-Physical Systems,https://openalex.org/W4416205388
ACM Transactions on Cyber-Physical Systems (TCPS),ACM,2025,2025-11-18,Cybersecurity in Cyber-Physical Systems: Wireless Jamming Attack Detection in Noisy LoRaWAN Environment,Xiaoyi Su; Chao Wang; Zhixin Zhou; Rui Luo,10,2,10.1145/3777454,https://doi.org/10.1145/3777454,article,ACM Transactions on Cyber-Physical Systems,https://openalex.org/W4416332637
ACM Transactions on Cyber-Physical Systems (TCPS),ACM,2025,2025-11-18,Design of Safer Control for Semi-Autonomous Vehicles,Chun‐Yu Chen; Kang Geun Shin,10,1,10.1145/3777456,https://doi.org/10.1145/3777456,article,ACM Transactions on Cyber-Physical Systems,https://openalex.org/W4416321698
ACM Transactions on Cyber-Physical Systems (TCPS),ACM,2025,2025-11-18,Graph Deviation Network for Anomaly Detection and Localization in Additive Manufacturing Systems,Rozhin Yasaei; Akimasa Masuda; Yasamin Moghaddas; Mohammad Abdullah Al Faruque,10,2,10.1145/3777457,https://doi.org/10.1145/3777457,article,ACM Transactions on Cyber-Physical Systems,https://openalex.org/W4416332646
ACM Transactions on Cyber-Physical Systems (TCPS),ACM,2025,2025-11-18,RSU Placement Optimization for Securing Vehicle Platoon against False Injection Attacks,Anik Roy; Ipsita Koley; Sunandan Adhikary; Arnab Sarkar; Soumyajit Dey,10,2,10.1145/3777458,https://doi.org/10.1145/3777458,article,ACM Transactions on Cyber-Physical Systems,https://openalex.org/W4416332570
ACM Transactions on Cyber-Physical Systems (TCPS),ACM,2025,2025-11-18,Safe and Secure Control of Connected and Automated Vehicles: An Event-Triggered Control Approach Using Trust-Aware Robust Control Barrier Functions,H. M. Sabbir Ahmad; Ehsan Sabouni; Wei Ping Xiao; Christos G. Cassandras; Wenchao Li,10,2,10.1145/3776545,https://doi.org/10.1145/3776545,article,ACM Transactions on Cyber-Physical Systems,https://openalex.org/W4416332531
ACM Transactions on Cyber-Physical Systems (TCPS),ACM,2025,2025-11-21,Resilient Path Tracking of Autonomous Driving under Few-shot Action Space Attacks,Yuting Wu; Xin Lou; Pengfei Zhou; Rui Tan; Zbigniew Kalbarczyk; Ravishankar K. Iyer,10,2,10.1145/3777460,https://doi.org/10.1145/3777460,article,ACM Transactions on Cyber-Physical Systems,https://openalex.org/W4416501515
ACM Transactions on Cyber-Physical Systems (TCPS),ACM,2025,2025-11-27,A Semantic Threat Model to Evaluate Security Threats in Cyber-Physical Systems,Andreas Aigner; Abdelmajid Khelil,10,1,10.1145/3777450,https://doi.org/10.1145/3777450,article,ACM Transactions on Cyber-Physical Systems,https://openalex.org/W4416758652
ACM Transactions on Cyber-Physical Systems (TCPS),ACM,2025,2025-11-27,LTD: Low Temperature Distillation for Gradient Masking-free Adversarial Training,Erh–Chung Chen; Che–Rung Lee,10,2,10.1145/3778246,https://doi.org/10.1145/3778246,article,ACM Transactions on Cyber-Physical Systems,https://openalex.org/W4416767295
ACM Transactions on Cyber-Physical Systems (TCPS),ACM,2025,2025-12-02,Software and Hardware Implementations of a Cyber-Physical Firewall,Ryo Iijima; Tatsuya Takehisa; Tatsuya Mori,10,1,10.1145/3777453,https://doi.org/10.1145/3777453,article,ACM Transactions on Cyber-Physical Systems,https://openalex.org/W4416913911
ACM Transactions on Cyber-Physical Systems (TCPS),ACM,2025,2025-12-03,Adversarial Beats: Feasibility Study of Spoofed Arrhythmia in Automated Electrocardiogram Diagnosis,Taiga Ono; Takeshi Sugawara; Jun Sakuma; Tatsuya Mori,10,1,10.1145/3777452,https://doi.org/10.1145/3777452,article,ACM Transactions on Cyber-Physical Systems,https://openalex.org/W4416948514
ACM Transactions on Cyber-Physical Systems (TCPS),ACM,2025,2025-12-03,To Go or Not to Go: Shedding Light on Traffic Light Signal Manipulation and Defense Strategies,Sri Hrushikesh Varma Bhupathiraju; Takami Sato; Michael Clifford; Takeshi Sugawara; Qi Alfred Chen; Sara Rampazzi,10,2,10.1145/3777451,https://doi.org/10.1145/3777451,article,ACM Transactions on Cyber-Physical Systems,https://openalex.org/W4416948537
ACM Transactions on Cyber-Physical Systems (TCPS),ACM,2025,2025-12-10,On Evading Randomization-Based Defense in Hierarchical Real-Time Systems,Vijay Banerjee; Sena G. Hounsinou; Yanyan Zhuang; Monowar Hasan; Gedare Bloom,10,2,10.1145/3783983,https://doi.org/10.1145/3783983,article,ACM Transactions on Cyber-Physical Systems,https://openalex.org/W4417196800
ACM Transactions on Cyber-Physical Systems (TCPS),ACM,2025,2025-12-12,Real-Time Scheduling and Control Co-Design over LPWAN,Aarti Jain; Venkata P. Modekurthy; Abusayeed M. Saifullah,10,3,10.1145/3785136,https://doi.org/10.1145/3785136,article,ACM Transactions on Cyber-Physical Systems,https://openalex.org/W4417276081
ACM Transactions on Cyber-Physical Systems (TCPS),ACM,2025,2025-12-15,"Patrol Security Game: Defending against Adversary with Freedom in Attack Timing, Location, and Duration",Hao-Tsung Yang; Ting-Kai Weng; Ting-Yu Chang; Kin Sum Liu; Shan Lin; Jie Gao; Shih-Yu Tsai,10,2,10.1145/3785138,https://doi.org/10.1145/3785138,article,ACM Transactions on Cyber-Physical Systems,https://openalex.org/W7115168316
ACM Transactions on Cyber-Physical Systems (TCPS),ACM,2025,2025-12-23,Enhancing Autonomous Driving with PointMapNet: A Scalable Approach for High-Definition Map Construction,Jie Tang; YingChao Kuang,,,10.1145/3736641,https://doi.org/10.1145/3736641,article,ACM Transactions on Cyber-Physical Systems,https://openalex.org/W7116876807
ACM Transactions on Cyber-Physical Systems (TCPS),ACM,2025,2025-12-23,Learning to Communicate over an Unknown Shared Network,Shobhit Agarwal; Adi Asija; Sanjit K. Kaul; Arani Bhattacharya; Saket Anand,10,3,10.1145/3786203,https://doi.org/10.1145/3786203,article,ACM Transactions on Cyber-Physical Systems,https://openalex.org/W7116951757
ACM Transactions on Cyber-Physical Systems (TCPS),ACM,2026,2026-01-19,Vulnerability Analysis for Safe Reinforcement Learning in Cyber-Physical Systems,Shixiong Jiang; Mengyu Liu; Fanxin Kong,10,2,10.1145/3788281,https://doi.org/10.1145/3788281,article,ACM Transactions on Cyber-Physical Systems,https://openalex.org/W7124739029
ACM Transactions on Cyber-Physical Systems (TCPS),ACM,2026,2026-01-23,A Hybrid Approach of Imitation Learning and Deep Reinforcement Learning with Direct-Effect Update Interval for Elevator Dispatching,Jiansong Wan; Kanghoon Lee; Hayong Shin,10,3,10.1145/3790252,https://doi.org/10.1145/3790252,article,ACM Transactions on Cyber-Physical Systems,https://openalex.org/W7125494631
ACM Transactions on Cyber-Physical Systems (TCPS),ACM,2026,2026-01-23,Introduction to Special Issue on Security and Privacy in Safety-Critical Cyber-Physical Systems—Part 2,Ning Zhang; Bryan C. Ward; AL Clark; Ziming Zhao; Aiping Xiong,10,1,10.1145/3790255,https://doi.org/10.1145/3790255,editorial,ACM Transactions on Cyber-Physical Systems,https://openalex.org/W7125524818
ACM Transactions on Cyber-Physical Systems (TCPS),ACM,2026,2026-02-06,iCrop+: On-Device AI for Crop Disease Detection with Adaptive Offloading over LoRa,Xu Tao; Jackson Butcher; Simone Silvestri; Flavio Esposito; Sajal K Das,,,10.1145/3795791,https://doi.org/10.1145/3795791,article,ACM Transactions on Cyber-Physical Systems,https://openalex.org/W7128171988
ACM Transactions on Cyber-Physical Systems (TCPS),ACM,2026,2026-02-23,On the Use of Artificial Intelligence in Software Testing: State of the Art and Application to Satellite Systems,Alejandro J. Calderón; Ricardo Arnaiz; Jannis Wolf; Mar Hernández; Stefano Sinisi; Valerio Di Valerio; Giulia Stazi; Leonidas Kosmidis,,,10.1145/3783988,https://doi.org/10.1145/3783988,article,ACM Transactions on Cyber-Physical Systems,https://openalex.org/W7131073794
ACM Transactions on Cyber-Physical Systems (TCPS),ACM,2026,2026-02-23,R 2 MOAG: Robust Roadside Monocular 3D Object Detection with Adaptive Token and Ground Embedding,Jie Tang; Haoran Pan; Bo Yu; Shaoshan Liu,10,3,10.1145/3790253,https://doi.org/10.1145/3790253,article,ACM Transactions on Cyber-Physical Systems,https://openalex.org/W7131125697
ACM Transactions on Cyber-Physical Systems (TCPS),ACM,2026,2026-03-04,Low Latency Communication of Large Data Objects by Subscriber-centric Selective Data Transfer,Nora Sperling; Rolf Ernst,10,3,10.1145/3800577,https://doi.org/10.1145/3800577,article,ACM Transactions on Cyber-Physical Systems,https://openalex.org/W7133565483
ACM Transactions on Cyber-Physical Systems (TCPS),ACM,2026,2026-03-13,Alleviating Congestion Attacks on Traffic Signal Systems,Tsung‐Lin Tsai; Shao-Hua Wang; Chun-Ting Wu; Ting-Yu Lin; Chia-Heng Tu; Meng‐Hsun Tsai; Wei-Hsun Lee; Da‐Wei Chang,10,3,10.1145/3801748,https://doi.org/10.1145/3801748,article,ACM Transactions on Cyber-Physical Systems,https://openalex.org/W7135232814
ACM Transactions on Cyber-Physical Systems (TCPS),ACM,2026,2026-03-13,"Electric Vehicles Security and Privacy: Challenges, Solutions, and Future Needs",Alessandro Brighente; Mauro Conti; Denis Donadel; Radha Poovendran; Federico Turrin; Jianjing Zhou,10,3,10.1145/3801968,https://doi.org/10.1145/3801968,article,ACM Transactions on Cyber-Physical Systems,https://openalex.org/W7135216949
ACM Transactions on Cyber-Physical Systems (TCPS),ACM,2026,2026-03-13,Falsification of Autonomous Systems in Rich Environments,Khen Elimelech; Morteza Lahijanian; Lydia E. Kavraki; Moshe Y. Vardi,10,3,10.1145/3801740,https://doi.org/10.1145/3801740,article,ACM Transactions on Cyber-Physical Systems,https://openalex.org/W7135215995
ACM Transactions on Cyber-Physical Systems (TCPS),ACM,2026,2026-03-17,Conjunctive Bayesian Optimization ( conBO ): An Application to Cyber-Physical Systems Verification with Conjunctive Requirements,Surdeep Chotaliya; Tanmay Khandait; Giulia Pedrielli,10,3,10.1145/3799710,https://doi.org/10.1145/3799710,article,ACM Transactions on Cyber-Physical Systems,https://openalex.org/W7138398691
ACM Transactions on Cyber-Physical Systems (TCPS),ACM,2026,2026-03-26,Building Real-time Awareness of Out-of-distribution in Trajectory Prediction for Autonomous Vehicles,Tongfei Guo; Taposh Banerjee; Rui Liu; Lili Su,,,10.1145/3803009,https://doi.org/10.1145/3803009,article,ACM Transactions on Cyber-Physical Systems,https://openalex.org/W7140888173
ACM Transactions on Cyber-Physical Systems (TCPS),ACM,2026,2026-03-27,DRCF: A Privacy-Enhanced Distributed Publish-Subscribe System for Secure Data Computation in Untrusted Environments,Shabnam Saderi Oskouei; Kalikinkar Mandal; Ali Akbar Ghorbani,10,3,10.1145/3805045,https://doi.org/10.1145/3805045,article,ACM Transactions on Cyber-Physical Systems,https://openalex.org/W7141128850
ACM Transactions on Cyber-Physical Systems (TCPS),ACM,2026,2026-03-27,PCAP-Backdoor: Backdoor Generator in Network Traffic for Intrusion Detection Systems,Ajesh Koyatan Chathoth; Karandeep Parashar; Anfeng Peng; Stephen L. Lee,10,3,10.1145/3805033,https://doi.org/10.1145/3805033,article,ACM Transactions on Cyber-Physical Systems,https://openalex.org/W7141556424
ACM Transactions on Cyber-Physical Systems (TCPS),ACM,2026,2026-03-30,Introduction to Special Issue on Security and Privacy in Safety-Critical Cyber-Physical Systems—Part 3,Ning Zhang; Bryan C. Ward; AL Clark; Ziming Zhao; Aiping Xiong,10,2,10.1145/3806076,https://doi.org/10.1145/3806076,editorial,ACM Transactions on Cyber-Physical Systems,https://openalex.org/W7143308368
ACM Transactions on Cyber-Physical Systems (TCPS),ACM,2026,2026-04-08,AIRSPEED: An Open Source Data Production Platform for Embodied Artificial Intelligence,Xuan Xia; Xianqiao Tong; Yu Bo; Jialin Jiao; Xinmin Ding; Xing He; hongjun zhou; Haoran Tong; yufei lin; tongyi shen; Ning Ding; Shaoshan Liu,10,3,10.1145/3806827,https://doi.org/10.1145/3806827,article,ACM Transactions on Cyber-Physical Systems,https://openalex.org/W7151773728
ACM Transactions on Cyber-Physical Systems (TCPS),ACM,2026,2026-04-09,"A Multimodal Transformer Approach for UAV Detection and Aerial Object Recognition Using Radar, Audio, and Video Data",Mauro Larrat; Claudomiro Sales,10,3,10.1145/3807778,https://doi.org/10.1145/3807778,article,ACM Transactions on Cyber-Physical Systems,https://openalex.org/W7152543612
ACM Transactions on Cyber-Physical Systems (TCPS),ACM,2026,2026-04-21,Corrigendum: Quantitative Measurement of Cyber Resilience: Modeling and Experimentation,Michael J. Weisman; Alexander Kott; Jason E. Ellis; Brian J. Murphy; Travis W. Parker; Sidney Smith; Joachim Vandekerckhove,10,2,10.1145/3766886,https://doi.org/10.1145/3766886,erratum,ACM Transactions on Cyber-Physical Systems,https://openalex.org/W7155239592
ACM Transactions on Cyber-Physical Systems (TCPS),ACM,2026,2026-04-25,LightFAt+: Lightweight Control-flow Attestation via Unsupervised Machine Learning,Jeferson González Gómez; Hassan Nassar; Lars Bauer; Xun Xiao; Osama Abboud; Joerg Henkel,10,4,10.1145/3811913,https://doi.org/10.1145/3811913,article,ACM Transactions on Cyber-Physical Systems,https://openalex.org/W7155635206
ACM Transactions on Cyber-Physical Systems (TCPS),ACM,2026,2026-04-27,Auction-Driven Utility Maximization for Multiple Federated Learning in Smart Healthcare,Moirangthem Biken Singh; Ajay Pratap,10,4,10.1145/3812537,https://doi.org/10.1145/3812537,article,ACM Transactions on Cyber-Physical Systems,https://openalex.org/W7156051950
ACM Transactions on Cyber-Physical Systems (TCPS),ACM,2026,2026-05-02,HALO: Fault-Tolerant Safety Architecture for High-Speed Autonomous Racing,Aron Harder; Amar Kulkarni; Madhur Behl,10,4,10.1145/3807774,https://doi.org/10.1145/3807774,article,ACM Transactions on Cyber-Physical Systems,https://openalex.org/W4416039181
ACM Transactions on Cyber-Physical Systems (TCPS),ACM,2026,2026-05-04,A Situation-Based Adaptive Defense Framework For IIoT Using Hierarchical Multi-Agent Reinforcement Learning,Xingke Zhu; Z Y Zhang; Xinghui Zhu; Kejing Zhao; Hang Zhang; Z Y Zhang,10,4,10.1145/3814961,https://doi.org/10.1145/3814961,article,ACM Transactions on Cyber-Physical Systems,https://openalex.org/W7160321214
ACM Transactions on Cyber-Physical Systems (TCPS),ACM,2026,2026-05-25,"Decentralized, Distributed, and Resilient Pathfinding for Dynamic, GPS-Denied Environments Using Visual Common Landmarks",Nasim Paykari; Damian M. Lyons; Mohamed Rahouti,10,4,10.1145/3818616,https://doi.org/10.1145/3818616,article,ACM Transactions on Cyber-Physical Systems,https://openalex.org/W7162301756
ACM Transactions on Cyber-Physical Systems (TCPS),ACM,2026,2026-05-26,Optical Lens Attack on Monocular Depth Estimation for Autonomous Driving,Ce Zhou; Qiben Yan; Daniel Kent; Guangjing Wang; Weikang Ding; Ziqi Zhang; Hayder Radha,10,4,10.1145/3812541,https://doi.org/10.1145/3812541,article,ACM Transactions on Cyber-Physical Systems,https://openalex.org/W4404344736
ACM Transactions on Cyber-Physical Systems (TCPS),ACM,2026,2026-05-29,A Study of the Capabilities of Building Management System APIs and the Limitations of Their Practical Usage,Peter Yefi; Ramanunni Parakkal Menon; Yann‐Gaël Guéhéneuc; Ursula Eicker,10,4,10.1145/3819587,https://doi.org/10.1145/3819587,article,ACM Transactions on Cyber-Physical Systems,https://openalex.org/W7162749390
ACM Transactions on Cyber-Physical Systems (TCPS),ACM,2026,2026-06-11,Efficient and Scalable Edge-Assisted Service Allocation for Connected Vehicles with Variable Velocities,Hao-Tse Hsiao; Liang-Kuan Chou; Yi Hung; Hsu-Huai Tsai; Hsi-Chuang Wang; BaekGyu Kim; Chung‐Wei Lin,10,4,10.1145/3820504,https://doi.org/10.1145/3820504,article,ACM Transactions on Cyber-Physical Systems,https://openalex.org/W7164329414
ACM Transactions on Cyber-Physical Systems (TCPS),ACM,2026,2026-06-18,Integrating Embodied Artificial Intelligence with Virtual Reality: Enhancing User Experience through Trustworthy Intelligent Avatars,Azadeh Hadadi; Jean-Rémy Chardonnet; Christophe Guillet,,,10.1145/3820491,https://doi.org/10.1145/3820491,article,ACM Transactions on Cyber-Physical Systems,https://openalex.org/W7165121152
ACM Transactions on Cyber-Physical Systems (TCPS),ACM,2026,2026-07-02,NeoARCADE: Robust Calibration for Distance Estimation to Support Assistive Drones for the Visually Impaired,Suman Raj; Bhavani A Madhabhavi; Madhav Kumar; Prabhav Gupta; Yogesh L. Simmhan,10,4,10.1145/3828721,https://doi.org/10.1145/3828721,article,ACM Transactions on Cyber-Physical Systems,https://openalex.org/W7167060228
ACM Transactions on Cyber-Physical Systems (TCPS),ACM,2026,2026-07-03,Controller-aware Perception Neural Network Pruning for CPS Safety Optimization,Jingxian Chen; Yukai Song; Shengjie Xu; Kyle Kessler; Prateek Ganguli; Arkaprava Gupta; B. K. Ghosh; Parasara Sridhar Duggirala; Tianlong Chen; Samarjit Chakraborty; Jingtong Hu,10,4,10.1145/3828657,https://doi.org/10.1145/3828657,article,ACM Transactions on Cyber-Physical Systems,https://openalex.org/W7167248498
ACM Transactions on Cyber-Physical Systems (TCPS),ACM,2026,2026-07-08,SPlatoon: Secure Platoon with Lightweight Authenticated Encryption,Gulabi Mandal; Ipsita Koley; Ayantika Chatterjee; Soumyajit Dey,10,4,10.1145/3827604,https://doi.org/10.1145/3827604,article,ACM Transactions on Cyber-Physical Systems,https://openalex.org/W7167715808
ACM Transactions on Cyber-Physical Systems (TCPS),ACM,2026,2026-07-13,"Corrigendum: Electric Vehicles Security and Privacy: Challenges, Solutions, and Future Needs",Alessandro Brighente; Mauro Conti; Denis Donadel; Radha Poovendran; Federico Turrin; Jianying Zhou,10,4,10.1145/3820652,https://doi.org/10.1145/3820652,erratum,ACM Transactions on Cyber-Physical Systems,https://openalex.org/W7168152854
ACM Transactions on Cyber-Physical Systems (TCPS),ACM,2026,2026-07-15,A Novel Post-Quantum Cryptography-Based Authentication and Secret Key Establishment Protocol for Smart Grid,Muhammad Asfand Hafeez; Arslan Munir,10,4,10.1145/3801973,https://doi.org/10.1145/3801973,article,ACM Transactions on Cyber-Physical Systems,https://openalex.org/W7168359207
ACM Transactions on Cyber-Physical Systems (TCPS),ACM,2026,2026-07-15,Human-Interactive Robot Learning Approach Using Deep Neural Network Embeddings and Human Feedback – Proof-of-Concept Experimentation,Marc-Antoine Maheux; Dominic Létourneau; François Michaud,,,10.1145/3830461,https://doi.org/10.1145/3830461,article,ACM Transactions on Cyber-Physical Systems,https://openalex.org/W7168391241
ACM Transactions on Cyber-Physical Systems (TCPS),ACM,2026,2026-07-28,Sustainable Smart Farm Networks: A Decision Theory-Guided Deep Reinforcement Learning Approach,Dian Chen; Zelin Wan; Dong Sam Ha; Sook Shin; Jin-Hee Cho,10,4,10.1145/3834862,https://doi.org/10.1145/3834862,article,ACM Transactions on Cyber-Physical Systems,https://openalex.org/W7171550946
ACM Transactions on Cyber-Physical Systems (TCPS),ACM,2026,2026-08-03,Secure Set-based State Estimation for Safety-Critical Applications under Adversarial Attacks on Sensors,Muhammad Umar B. Niazi; M. S. Chong; Amr Alanwar; Karl Henrik Johansson,,,10.1145/3837859,https://doi.org/10.1145/3837859,article,ACM Transactions on Cyber-Physical Systems,https://openalex.org/W7172259438
ACM Transactions on Cyber-Physical Systems (TCPS),ACM,2026,2026-08-26,Building a generic cyber-physical model of a river: Case study of sampling point selection on Ergene River to identify pollution source zones,Gizem Ece Avşar; Fulya Cingiroglu; Burçak Kaynak; Ulaş Tezel; Mehmet Tahir Sandıkkaya,,,10.1145/3840290,https://doi.org/10.1145/3840290,article,ACM Transactions on Cyber-Physical Systems,https://openalex.org/W7204279581
ACM Transactions on Cyber-Physical Systems (TCPS),ACM,2026,2026-09-02,Uncertainty Quantification for Physics-Informed Traffic Graph Networks with Adversarial Attacks,Tianshu Bao; Dung T Nguyen; Xiaoou Liu; Meiyi Ma; Taylor T. Johnson; Hua Wei,,,10.1145/3844727,https://doi.org/10.1145/3844727,article,ACM Transactions on Cyber-Physical Systems,https://openalex.org/W7205708075
ACM Transactions on Cyber-Physical Systems (TCPS),ACM,2026,2026-09-11,The Landscape of Cyber-Physical Systems Education,John A. Stankovic; Bhaskar Krishnamachari; André Platzer; János Sztipanovits,,,10.1145/3843847,https://doi.org/10.1145/3843847,article,ACM Transactions on Cyber-Physical Systems,https://openalex.org/W7212277345
